answer,category,subcategory
There is a clear path for promotions and recognition.,Career Growth,Promotions
There is a clear path for promotions and recognition.,Career Growth,Promotions
There is clarity in what is expected from my position.,Job Role,Clarity
Our leaders are approachable and provide clear direction.,Workplace Culture,Leadership
Ergonomic furniture helps with long working hours.,Work Environment,Ergonomics
Ergonomic furniture helps with long working hours.,Work Environment,Ergonomics
Working remotely has been a seamless experience.,Work-Life Balance,Remote Work
Having a mentor has helped me grow professionally.,Career Growth,Mentorship
There is a clear path for promotions and recognition.,Career Growth,Promotions
We receive comprehensive health and wellness benefits.,Compensation,Benefits
The company promotes an inclusive culture for everyone.,Workplace Culture,Inclusivity
There is a clear path for promotions and recognition.,Career Growth,Promotions
I feel supported by my managers in my daily tasks.,Management,Support
Office facilities are well-maintained and resourceful.,Work Environment,Facilities
The workspace setup supports productivity and comfort.,Work Environment,Office Setup
I feel supported by my managers in my daily tasks.,Management,Support
Expectations from my role are communicated effectively.,Job Role,Expectations
Having a mentor has helped me grow professionally.,Career Growth,Mentorship
Our leaders are approachable and provide clear direction.,Workplace Culture,Leadership
Ergonomic furniture helps with long working hours.,Work Environment,Ergonomics
Ergonomic furniture helps with long working hours.,Work Environment,Ergonomics
Our leaders are approachable and provide clear direction.,Workplace Culture,Leadership
Working remotely has been a seamless experience.,Work-Life Balance,Remote Work
The leave policies are generous and easy to access.,Work-Life Balance,Time Off
Having a mentor has helped me grow professionally.,Career Growth,Mentorship
We receive comprehensive health and wellness benefits.,Compensation,Benefits
Expectations from my role are communicated effectively.,Job Role,Expectations
Ergonomic furniture helps with long working hours.,Work Environment,Ergonomics
I feel supported by my managers in my daily tasks.,Management,Support
I enjoy working closely with my team on projects.,Workplace Culture,Team Collaboration
Working remotely has been a seamless experience.,Work-Life Balance,Remote Work
The salary is competitive with industry standards.,Compensation,Salary
My job responsibilities are clear and well-defined.,Job Role,Responsibilities
The company promotes an inclusive culture for everyone.,Workplace Culture,Inclusivity
The salary is competitive with industry standards.,Compensation,Salary
The company promotes an inclusive culture for everyone.,Workplace Culture,Inclusivity
Our leaders are approachable and provide clear direction.,Workplace Culture,Leadership
We receive comprehensive health and wellness benefits.,Compensation,Benefits
I enjoy working closely with my team on projects.,Workplace Culture,Team Collaboration
Ergonomic furniture helps with long working hours.,Work Environment,Ergonomics
Management communicates updates regularly.,Management,Communication
Bonuses are performance-based and fairly distributed.,Compensation,Bonuses
We receive comprehensive health and wellness benefits.,Compensation,Benefits
Working remotely has been a seamless experience.,Work-Life Balance,Remote Work
There is a clear path for promotions and recognition.,Career Growth,Promotions
Management communicates updates regularly.,Management,Communication
Expectations from my role are communicated effectively.,Job Role,Expectations
Management communicates updates regularly.,Management,Communication
The leave policies are generous and easy to access.,Work-Life Balance,Time Off
Ergonomic furniture helps with long working hours.,Work Environment,Ergonomics
Having a mentor has helped me grow professionally.,Career Growth,Mentorship
I feel supported by my managers in my daily tasks.,Management,Support
I enjoy working closely with my team on projects.,Workplace Culture,Team Collaboration
The salary is competitive with industry standards.,Compensation,Salary
I feel supported by my managers in my daily tasks.,Management,Support
The workspace setup supports productivity and comfort.,Work Environment,Office Setup
There is a clear path for promotions and recognition.,Career Growth,Promotions
The salary is competitive with industry standards.,Compensation,Salary
I appreciate the flexible working hours offered.,Work-Life Balance,Flexibility
The company invests in training and skill development.,Career Growth,Training Programs
Working remotely has been a seamless experience.,Work-Life Balance,Remote Work
Expectations from my role are communicated effectively.,Job Role,Expectations
The workspace setup supports productivity and comfort.,Work Environment,Office Setup
Leaders involve teams in the decision-making process.,Management,Decision Making
Bonuses are performance-based and fairly distributed.,Compensation,Bonuses
The workspace setup supports productivity and comfort.,Work Environment,Office Setup
Management communicates updates regularly.,Management,Communication
There is a clear path for promotions and recognition.,Career Growth,Promotions
Leaders involve teams in the decision-making process.,Management,Decision Making
Bonuses are performance-based and fairly distributed.,Compensation,Bonuses
The company invests in training and skill development.,Career Growth,Training Programs
Having a mentor has helped me grow professionally.,Career Growth,Mentorship
Working remotely has been a seamless experience.,Work-Life Balance,Remote Work
Ergonomic furniture helps with long working hours.,Work Environment,Ergonomics
The leave policies are generous and easy to access.,Work-Life Balance,Time Off
There is clarity in what is expected from my position.,Job Role,Clarity
The leave policies are generous and easy to access.,Work-Life Balance,Time Off
Management communicates updates regularly.,Management,Communication
Working remotely has been a seamless experience.,Work-Life Balance,Remote Work
The company invests in training and skill development.,Career Growth,Training Programs
There is clarity in what is expected from my position.,Job Role,Clarity
Leaders involve teams in the decision-making process.,Management,Decision Making
Office facilities are well-maintained and resourceful.,Work Environment,Facilities
Expectations from my role are communicated effectively.,Job Role,Expectations
Ergonomic furniture helps with long working hours.,Work Environment,Ergonomics
The workspace setup supports productivity and comfort.,Work Environment,Office Setup
Leaders involve teams in the decision-making process.,Management,Decision Making
Expectations from my role are communicated effectively.,Job Role,Expectations
Bonuses are performance-based and fairly distributed.,Compensation,Bonuses
There is a clear path for promotions and recognition.,Career Growth,Promotions
Expectations from my role are communicated effectively.,Job Role,Expectations
Office facilities are well-maintained and resourceful.,Work Environment,Facilities
Bonuses are performance-based and fairly distributed.,Compensation,Bonuses
Leaders involve teams in the decision-making process.,Management,Decision Making
There is clarity in what is expected from my position.,Job Role,Clarity
Management communicates updates regularly.,Management,Communication
Office facilities are well-maintained and resourceful.,Work Environment,Facilities
Ergonomic furniture helps with long working hours.,Work Environment,Ergonomics
Ergonomic furniture helps with long working hours.,Work Environment,Ergonomics
There is a clear path for promotions and recognition.,Career Growth,Promotions
